ID_ProGres,Enqueteur,start,end,_GPS_latitude,_GPS_longitude,montant_transfert,taille_menage,age_chef,satisfaction,zone
329-24-1001,Mbarka Oumar,2026-02-19 08:09:00,2026-02-19 08:37:00,16.64592,-7.35804,3600,7,43,Satisfait,Nema
329-24-1002,Oumar ag Ozarif,2026-02-19 08:18:00,2026-02-19 08:46:00,16.53976,-7.39165,3600,7,40,Peu satisfait,Nema
329-24-1003,Fatma Badroudin,2026-02-19 08:27:00,2026-02-19 08:55:00,16.61967,-7.24014,3600,4,22,Pas satisfait,Nema
329-24-1004,Oyya Ag sidi,2026-02-19 08:36:00,2026-02-19 09:04:00,16.69131,-7.24132,3600,7,28,Tres satisfait,Nema
329-24-1005,Mbarka Oumar,2026-02-19 08:45:00,2026-02-19 08:59:00,16.56814,-7.21667,3600,3,53,Satisfait,Nema
329-24-1006,Oumar ag Ozarif,2026-02-19 08:54:00,2026-02-19 09:22:00,16.58661,-7.35609,3600,5,65,Peu satisfait,Nema
329-24-1007,Fatma Badroudin,2026-02-19 09:03:00,2026-02-19 09:12:00,16.5063,-7.26656,3600,8,23,Pas satisfait,Nema
329-24-1008,Oyya Ag sidi,2026-02-19 09:12:00,2026-02-19 09:40:00,,,3600,4,49,Tres satisfait,Nema
329-24-1009,Mbarka Oumar,2026-02-19 09:21:00,2026-02-19 09:49:00,16.53319,-7.2203,3600,8,43,Satisfait,Nema
329-24-1010,Oumar ag Ozarif,2026-02-19 09:30:00,2026-02-19 09:44:00,16.53343,-7.37581,3600,9,44,Peu satisfait,Nema
329-24-1011,Fatma Badroudin,2026-02-19 09:39:00,2026-02-19 10:07:00,16.5214,-7.29311,3600,5,43,Pas satisfait,Nema
329-24-1012,Oyya Ag sidi,2026-02-19 09:48:00,2026-02-19 10:16:00,16.62763,-7.23156,3600,7,57,Tres satisfait,Nema
329-24-001,Mbarka Oumar,2026-02-19 09:57:00,2026-02-19 10:25:00,16.54251,-7.38667,3600,3,58,Satisfait,Nema
329-24-1014,Oumar ag Ozarif,2026-02-19 10:06:00,2026-02-19 10:15:00,16.53995,-7.22026,3600,7,24,Peu satisfait,Nema
329-24-1015,Fatma Badroudin,2026-02-19 10:15:00,2026-02-19 10:29:00,16.67889,-7.3181,3600,2,29,Pas satisfait,Nema
329-24-1016,Oyya Ag sidi,2026-02-19 10:24:00,2026-02-19 10:52:00,,,3600,2,32,Tres satisfait,Nema
329-24-1017,Mbarka Oumar,2026-02-19 10:33:00,2026-02-19 11:01:00,16.64296,-7.24843,360,2,27,Satisfait,Nema
329-24-1018,Oumar ag Ozarif,2026-02-19 10:42:00,2026-02-19 11:10:00,16.67453,-7.33934,3600,3,47,Peu satisfait,Nema
329-24-1019,Fatma Badroudin,2026-02-19 10:51:00,2026-02-19 11:19:00,16.66901,-7.29359,3600,99,66,Pas satisfait,Nema
329-24-1020,Oyya Ag sidi,2026-02-19 11:00:00,2026-02-19 11:14:00,16.65786,-7.36655,3600,3,38,Tres satisfait,Nema
329-24-1021,Mbarka Oumar,2026-02-19 11:09:00,2026-02-19 11:18:00,16.5092,-7.37874,3600,3,69,Satisfait,Nema
329-24-1022,Oumar ag Ozarif,2026-02-19 11:18:00,2026-02-19 11:46:00,16.68401,-7.21535,3600,5,24,Peu satisfait,Nema
329-24-1023,Fatma Badroudin,2026-02-19 11:27:00,2026-02-19 11:55:00,16.54482,-7.28178,3600,5,22,Pas satisfait,Nema
329-24-1024,Oyya Ag sidi,2026-02-19 11:36:00,2026-02-19 12:04:00,,,3600,4,24,Tres satisfait,Nema
329-24-1025,Mbarka Oumar,2026-02-19 11:45:00,2026-02-19 11:59:00,16.59322,-7.34798,3600,3,53,Satisfait,Nema
329-24-001,Oumar ag Ozarif,2026-02-19 11:54:00,2026-02-19 12:22:00,16.57632,-7.24536,3600,2,51,Peu satisfait,Nema
329-24-1027,Fatma Badroudin,2026-02-19 12:03:00,2026-02-19 12:31:00,16.50045,-7.37577,3600,5,24,Pas satisfait,Nema
329-24-1028,Oyya Ag sidi,2026-02-19 12:12:00,2026-02-19 12:21:00,16.69272,-7.28483,3600,7,45,Tres satisfait,Nema
329-24-1029,Mbarka Oumar,2026-02-19 12:21:00,2026-02-19 12:49:00,16.59698,-7.37103,3600,6,45,Satisfait,Nema
329-24-1030,Oumar ag Ozarif,2026-02-19 12:30:00,2026-02-19 12:44:00,16.60845,-7.32328,3600,2,22,Peu satisfait,Nema
329-24-1031,Fatma Badroudin,2026-02-19 12:39:00,2026-02-19 13:07:00,16.59054,-7.27187,3600,7,34,Pas satisfait,Nema
329-24-1032,Oyya Ag sidi,2026-02-19 12:48:00,2026-02-19 13:16:00,,,3600,3,60,Tres satisfait,Nema
329-24-1033,Mbarka Oumar,2026-02-19 12:57:00,2026-02-19 13:25:00,16.59596,-7.27976,3600,8,35,Satisfait,Nema
329-24-1034,Oumar ag Ozarif,2026-02-19 13:06:00,2026-02-19 13:34:00,16.50966,-7.33295,360,6,42,Peu satisfait,Nema
329-24-1035,Fatma Badroudin,2026-02-19 13:15:00,2026-02-19 13:24:00,16.67584,-7.28286,3600,2,40,Pas satisfait,Nema
329-24-1036,Oyya Ag sidi,2026-02-19 13:24:00,2026-02-19 13:52:00,16.66424,-7.23298,3600,5,24,Tres satisfait,Nema
329-24-1037,Mbarka Oumar,2026-02-19 13:33:00,2026-02-19 14:01:00,16.57697,-7.2441,3600,3,67,Satisfait,Nema
329-24-1038,Oumar ag Ozarif,2026-02-19 13:42:00,2026-02-19 14:10:00,16.65216,-7.20398,3600,99,33,Peu satisfait,Nema
329-24-001,Fatma Badroudin,2026-02-19 13:51:00,2026-02-19 14:19:00,16.68665,-7.25438,3600,5,23,Pas satisfait,Nema
329-24-1040,Oyya Ag sidi,2026-02-19 14:00:00,2026-02-19 14:14:00,,,3600,7,66,Tres satisfait,Nema
329-24-1041,Mbarka Oumar,2026-02-19 14:09:00,2026-02-19 14:37:00,16.58247,-7.27266,3600,6,29,Satisfait,Nema
329-24-1042,Oumar ag Ozarif,2026-02-19 14:18:00,2026-02-19 14:27:00,16.69391,-7.2535,3600,5,22,Peu satisfait,Nema
329-24-1043,Fatma Badroudin,2026-02-19 14:27:00,2026-02-19 14:55:00,16.58799,-7.32344,3600,7,33,Pas satisfait,Nema
329-24-1044,Oyya Ag sidi,2026-02-19 14:36:00,2026-02-19 15:04:00,16.62405,-7.22079,3600,6,62,Tres satisfait,Nema
329-24-1045,Mbarka Oumar,2026-02-19 14:45:00,2026-02-19 14:59:00,16.60945,-7.27378,3600,7,68,Satisfait,Nema
329-24-1046,Oumar ag Ozarif,2026-02-19 14:54:00,2026-02-19 15:22:00,16.67341,-7.20857,3600,4,66,Peu satisfait,Nema
329-24-1047,Fatma Badroudin,2026-02-19 15:03:00,2026-02-19 15:31:00,16.64761,-7.24176,3600,9,46,Pas satisfait,Nema
329-24-1048,Oyya Ag sidi,2026-02-19 15:12:00,2026-02-19 15:40:00,,,3600,7,27,Tres satisfait,Nema
329-24-1049,Mbarka Oumar,2026-02-19 15:21:00,2026-02-19 15:30:00,16.66003,-7.20989,3600,8,54,Satisfait,Nema
329-24-1050,Oumar ag Ozarif,2026-02-19 15:30:00,2026-02-19 15:44:00,16.63803,-7.2024,3600,7,62,Peu satisfait,Nema
